TYPE,INDICATOR,CREATED
cve,CVE-2015-0016,2024-07-12 11:05:20.549259
cve,CVE-2017-0144,2024-07-10 13:19:39.668214
cve,CVE-2016-7201,2024-07-10 13:19:39.562427
cve,CVE-2016-0167,2024-07-10 13:19:39.457595
cve,CVE-2015-6132,2024-07-10 13:19:39.350868
cve,CVE-2015-5119,2024-07-10 13:15:27.952698
cve,CVE-2014-4148,2024-07-10 13:15:27.837884
hash,91d04fd26dda91a90fa4169cb251d8ab,2023-10-20 23:13:27
hash,9347abda2aaaefb40aa1e4034a6ded58,2023-10-20 23:13:27
hash,94980f93bd9019d84b42104615e86b79,2023-10-20 23:13:27
hash,9672437e1dc219ca8a4ee847bed25d0d,2023-10-20 23:13:27
hash,996013c565b1f0ae68418d09d712d72b,2023-10-20 23:13:27
hash,a1fc74b7fb105252aba222f5099fbd04,2023-10-20 23:13:27
hash,a6a6d7b87656a0590a12c3ebaa678740,2023-10-20 23:13:27
hash,a88f606a45cea11909fcedadc8945ba7,2023-10-20 23:13:27
hash,a966668feca72d8dddf3c737d4908a29,2023-10-20 23:13:27
hash,b29d5a6445140ca3bbdef4f05ea17fd5,2023-10-20 23:13:27
hash,b458e336911f092177a64d07b0bf1c76,2023-10-20 23:13:27
hash,b52439640b7f0e0273f0d15bb3af6198,2023-10-20 23:13:27
hash,bb93392daece237207b6e32fb5fb4f00,2023-10-20 23:13:27
hash,e6cc5ba724854702abc7f530d1a8f19c,2023-10-20 23:13:27
hash,ea138d32ce4371d0921cb9f0daead4cb,2023-10-20 23:13:27
hash,f4ac3aabb25e724cc5af9280d07dfd25,2023-10-20 23:13:27
hash,fd7de2b8572f35f0f6f58bba6ff2360e,2023-10-20 23:13:27
hash,fed5ff0f9460fea41a8278fffa4c2ddb,2023-10-20 23:13:27
hash,fee3bc01a67339e8eceb9514d8be629c,2023-10-20 23:13:27
hash,fee8d182e6643099523dab41ba1c95b5,2023-10-20 23:13:27
hash,1c679f37ea2b9806503dad07ba3f55ff14c058d9,2023-10-20 23:13:27
hash,53c66117a6f17e2d76b7a8a658f1ff0773516081,2023-10-20 23:13:27
hash,9b85fa3c033dcf026f06a6393031611aa32a40b2,2023-10-20 23:13:27
hash,45e3c07a2854aec4340a23690cf901b50fe2618b2c168ee4294386e26ec76def,2023-10-20 23:13:27
hash,81cd6e1c6e1f9400e31b122dfa2c7acf274192ec560a9d29190a70abd04b20e2,2023-10-20 23:13:27
hash,ad6da02e3a4c98a29993cceb7a10e7af002fb00df0cd2228f83aea4ccfdf94b6,2023-10-20 23:13:27
hostname,mbafleet.com,2023-10-20 23:13:27
hostname,prajeshpatel.com,2023-10-20 23:13:27
hostname,speclaurp.com,2023-10-20 23:13:27
hostname,zawajonly.com,2023-10-20 23:13:27
hostname,icimp.swarkul.com,2023-10-20 23:13:27
hash,60054a124ad9c11d2f0afa8f60a3b26f,2023-10-20 23:13:27
hash,6533e7d5f0f680006031512f8378bfcb,2023-10-20 23:13:27
hash,6b987944074fda626f8b00751fb9d197,2023-10-20 23:13:27
hash,80008a0f7035893d17d7f659e81e716e,2023-10-20 23:13:27
hash,8f0d45e48d797ac3631b5b572d44b6e8,2023-10-20 23:13:27
hash,91014e9b43ad489535e62e1b048feb59,2023-10-20 23:13:27
hash,91995c6813e20aad1a860d3e712787a6,2023-10-20 23:13:27
hash,0818cda2299b358e1ddf4ea59249a6c4,2023-10-20 23:13:27
hash,09f6c007b16804841a6d02ae87107e3f,2023-10-20 23:13:27
hash,0ba8fe6dd895184236618a042bdf835b,2023-10-20 23:13:27
hash,0ef0dfbb4a56cf1d6eff6032ea988162,2023-10-20 23:13:27
hash,108854ed57caeeeaeefc20182ea67e94,2023-10-20 23:13:27
hash,13e9b02b089e9a01ddbe41452d2c409d,2023-10-20 23:13:27
hash,14fee51bb001abb6ea2c0d8c78863a0d,2023-10-20 23:13:27
hash,15b33a171003fa1a0a24c6ca8f24115a,2023-10-20 23:13:27
hash,289b0d0b626b0be26ee81ed84fb94ec1,2023-10-20 23:13:27
hash,2a854c3df9098019daa886ae6f3ecaa0,2023-10-20 23:13:27
hash,2bf250d64e72a14f05ee190148291564,2023-10-20 23:13:27
hash,2f9e82625774c8051607f791fb9de9b1,2023-10-20 23:13:27
hash,3452a24904da2fcf6b79ee1734e9eee1,2023-10-20 23:13:27
hash,381321d0977ce81e07263bc6be753b85,2023-10-20 23:13:27
hash,4b00b6c6e4f83dcf7f53db86c883a4dc,2023-10-20 23:13:27
hash,4d1e16e2b914243e0c63017676956a73,2023-10-20 23:13:27
hash,5c3a88073824a1bce4359a7b69ed0a8d,2023-10-20 23:13:27
hash,5f619927b586a6f776eb582f661ed55c,2023-10-20 23:13:27
hash,63e7b2fc0a0e6f1db3dee98f4f1dec43,2023-10-20 23:13:27
hash,01b3c7b2ff7e5158f80f593c09232e04,2023-10-20 23:13:27
hash,7989032a5a2baece889100c4cfeca81f1da1241ab47365dad89107e417ce7bac,2022-02-23 16:00:25
hash,0182dbf3e594581a87992f80c762c099,2021-12-28 08:46:24
hash,05422319e7821018401f477b3621f8e2,2021-12-28 08:46:24
hash,4c85f9d2d0b02e0b3bdfc34d0f63b414,2021-12-28 08:46:24
hash,58b9130deeff83f1185c372595cd4607,2021-12-28 08:46:24
hash,6156e50571571b233019c4ebb472899d,2021-12-28 08:46:24
hash,9c6d1ed1f5e22bf609bcf5ca6e587dec,2021-12-28 08:46:24
hash,aaa8999a169e39fb8b48ae49cd6ac30a,2021-12-28 08:46:24
hash,b4a78f824a7f0fa688df729f2aef7f7f,2021-12-28 08:46:24
hash,0023de8f74bf9f932afc9e288082e660,2021-12-28 08:46:24
hash,c454045e1299c5ad5e2932a7b0016d7a,2021-12-28 08:46:24
hash,d3df8781249f2c404c4935ca9ffb1155,2021-12-28 08:46:24
hash,dce6aaad1574bc72a25dc4551d52a2c1,2021-12-28 08:46:24
hash,f01525c9ef763c49e28cec6c2f6f6c60,2021-12-28 08:46:24
hash,f7f382a0c610177431b27b93c4c87ac1,2021-12-28 08:46:24
hash,fc0fe2c6d97ec075e7d0f4a2b7fae261aa7223d4,2021-12-28 08:46:24
hash,6eacbcd6126ebd9073aa039d6b16af96d92e3dc5e6f7353fe9c47c302b5e13ce,2021-12-28 08:46:24
cve,CVE-2017-0005,2021-12-28 08:46:24
hash,c1544a2220f5dd61a62c697d9a2c5b77,2021-12-28 08:46:24
hostname,downloadmpplayer.com,2021-09-18 01:28:05
hostname,dowelsobject.com,2021-09-18 01:28:05
hostname,darakht.com,2021-09-18 01:28:05
hostname,damavandkuh.com,2021-09-18 01:28:05
hostname,customerscreensavers.com,2021-09-18 01:28:05
hostname,crisptic01.net,2021-09-18 01:28:05
hostname,cribdare2no.com,2021-09-18 01:28:05
hostname,computertechanalysis.com,2021-09-18 01:28:05
hostname,coffeehausblog.com,2021-09-18 01:28:05
hostname,cigape.net,2021-09-18 01:28:05
hostname,charmedno1.com,2021-09-18 01:28:05
hostname,charging-technology.com,2021-09-18 01:28:05
hostname,businessedgeadvance.com,2021-09-18 01:28:05
hostname,businessdirectnessource.com,2021-09-18 01:28:05
hostname,businessdealsblog.com,2021-09-18 01:28:05
hostname,business-made-fun.com,2021-09-18 01:28:05
hostname,brittlefilet.com,2021-09-18 01:28:05
hostname,bazandegan.com,2021-09-18 01:28:05
hostname,aynachatsrv.com,2021-09-18 01:28:05
hostname,avidnewssource.com,2021-09-18 01:28:05
hostname,arm2pie.com,2021-09-18 01:28:05
hostname,arabtechmessenger.net,2021-09-18 01:28:05
hostname,amazinggreentechshop.com,2021-09-18 01:28:05
hostname,afkarehroshan.com,2021-09-18 01:28:05
hostname,advancing-technology.com,2021-09-18 01:28:05
hostname,adservicestats.com,2021-09-18 01:28:05
hostname,adsbizsimple.com,2021-09-18 01:28:05
hostname,ad-void.com,2021-09-18 01:28:05
hostname,ad-servicestats.net,2021-09-18 01:28:05
hostname,ad-noise.net,2021-09-18 01:28:05
hostname,247adbiz.net,2021-09-18 01:28:05
ip,89.18.177.3,2021-09-18 01:28:05
ip,87.255.38.2,2021-09-18 01:28:05
ip,85.112.1.83,2021-09-18 01:28:05
ip,84.233.205.99,2021-09-18 01:28:05
ip,64.76.82.52,2021-09-18 01:28:05
ip,62.216.152.67,2021-09-18 01:28:05
ip,41.222.35.70,2021-09-18 01:28:05
ip,212.61.54.239,2021-09-18 01:28:05
ip,210.81.52.120,2021-09-18 01:28:05
ip,203.150.231.73,2021-09-18 01:28:05
ip,203.150.231.49,2021-09-18 01:28:05
ip,202.95.84.33,2021-09-18 01:28:05
ip,195.81.34.67,2021-09-18 01:28:05
ip,190.60.202.4,2021-09-18 01:28:05
ip,190.242.96.212,2021-09-18 01:28:05
ip,149.12.71.2,2021-09-18 01:28:05
hash,df4bbd02dcd8b8b9e1374c6f71f2e2da8518d39337b35983874266e8fff055e1,2021-09-18 01:28:05
hash,a2a9e948fb829685d0a9161cac845fd0dfa943d023a6b2faab205fa8664b7c26,2021-09-18 01:28:05
hash,9412a66bc81f51a1fa916ac47c77e02ac1a7c9dff543233ed70aa265ef6a1e76,2021-09-18 01:28:05
hash,868eb363f32beacd8bcdc7a114e020d4cfe67913a15275f4e7493d87db643ff2,2021-09-18 01:28:05
hash,866f94f30d9865995494a0f7228329c26149eef2960500b2177c736c5c846035,2021-09-18 01:28:05
hash,441f2a6775621af8c5d1ead7082e9573ad878bc90675ed55f86abfc8a9e8cc6f,2021-09-18 01:28:05
hash,24b7e7553b1aa241997e28775d3952c4cb885056c4606cbed9b450320b601255,2021-09-18 01:28:05
hash,1e55abb94951cedc548fd8d67bd1b50476808f1d0ae72f9842181761ff92f83f,2021-09-18 01:28:05
hash,1b0eb1a1591140175d1ac111a98c89472b196599baf13ef67ee7f63d0052b00e,2021-09-18 01:28:05
hash,112d70111fef5e5e072b17e0d5d9312a0826cb85304a17bb51330d9800936c4a,2021-09-18 01:28:05
hash,003315b0aea2fcb9f77d29223dd8947d0e6792b3a0227e054be8eb2a11f443d9,2021-09-18 01:28:05
hash,d09b4b6d3244ac382049736ca98d7de0c6787fa2,2021-09-18 01:28:05
hash,b2b2cd9ca6f5864ef2ac6382b7b6374a9fb2cbe9,2021-09-18 01:28:05
hash,61fab1b8451275c7fd580895d9c68e152ff46417,2021-09-18 01:28:05
hash,5e1f56c1e57fbff96d4999db1fd6dd0f7d8221df,2021-09-18 01:28:05
hash,58d15d1581f32f36542f3e9fb4b1fc84d2a6ba35,2021-09-18 01:28:05
hash,50b8f125ed33233a545a1aac3c9d4bb6aa34b48f,2021-09-18 01:28:05
hash,4ce6e77a11b443cc7cbe439b71bf39a39d3d7fa3,2021-09-18 01:28:05
hash,2bd1b1f5b4384ce802d5d32d8c8fd3d1dc04b962,2021-09-18 01:28:05
hash,1f0ae54ac3f10d533013f74f48849de4e65817a7,2021-09-18 01:28:05
hash,017198643efbcca0df6d2c681f9ec3465060b929,2021-09-18 01:28:05
hash,ba39212c5b58b97bfc9f5bc431170827,2021-09-18 01:28:05
hash,9b1ca66aab784dc5f1dfe635d8f8a904,2021-09-18 01:28:05
hash,9180d5affe1e5df0717d7385e7f54386,2021-09-18 01:28:05
hash,752af597e6d9fd70396accc0b9013dbe,2021-09-18 01:28:05
hash,6fe6c03b938580ebf9b82f3b9cd4c4aa,2021-09-18 01:28:05
hash,4556ce5eb007af1de5bd3b457f0b216d,2021-09-18 01:28:05
hash,2a12630ff976ba0994143ca93fecd17f,2021-09-18 01:28:05
hash,24a6ec8ebf9c0867ed1c097f4a653b8d,2021-09-18 01:28:05
hash,0a209ac0de4ac033f31d6ba9191a8f7a,2021-09-18 01:28:05
hash,03718676311de33dd0b8f4f18cffd488,2021-09-18 01:28:05
cve,CVE-2012-1723,2021-09-18 01:28:05
hostname,www.waeservices.com,2021-09-18 01:28:05
ip,213.198.79.49,2021-09-18 01:28:05
hash,d0a4b7d09d36459b07552c0269eeed450fb016a1192088bfb13cf50fba7f92cf,2021-09-18 01:28:05
hash,c3f92c8b2b11c170879fafa29b698d76a5ea4ed37e01674848c63a911d76bece,2021-09-18 01:28:05
hash,a5ec4d102d802ada7c5083af53fd9d3c9b5aa83be9de58dbb4fac7876faf6d29,2021-09-18 01:28:05
hash,a5add4de0708ff2408468aed3bdf894fd2bb581372102a705d2aef38bc4709c0,2021-09-18 01:28:05
hash,a482f2c474f3f02a35976f9fd5cb1a8501f15d9ccaaf78a4c19f3a650130e4db,2021-09-18 01:28:05
hash,9f1b82e6c2e9760284c53c5377a054d6cfcb2bd5e36329e0f7c395aa02d79d0d,2021-09-18 01:28:05
hash,9df733c565cf3c98878911af11ff17f8788c06e56466db6eaab81f8fa80344e4,2021-09-18 01:28:05
hash,897489999ff2c360678cdba9a40a6613fc042f346ccfb325fdc0fa46ac42d00e,2021-09-18 01:28:05
hash,83d14ce2dcfc852791d20cd78066ba5a2b39eb503e12e33f2ef0b1a46c68de73,2021-09-18 01:28:05
hash,63a3b1d2e234481bcee6d95ff8e4d7ebf1967009e32fda35a675bffbd8e4c4aa,2021-09-18 01:28:05
hash,355e5643c5a04c18d831b942ef65a21d1cdb1d93ea328b0203a38876cef3f93e,2021-09-18 01:28:05
hash,318bb5ca29ac1f647f78a5cf1124d6849fadf52e5bc7193fa05922d36a8db4e5,2021-09-18 01:28:05
hash,311d4923909e07d5c703235d83bf4479,2021-09-18 01:28:05
hash,26215bc56dc31d2466d72f1f4e1b6388e62606e9949bc41c28968fcb9a9d60a6,2021-09-18 01:28:05
hash,1c376452b451e05363dd39c56994bd3414e02ffecf89dbc40461eb6e2fe9e51e,2021-09-18 01:28:05
hash,07fc80ecaa8f12f0d57fbf9627d5505b8f969a84fc3907c31dd68f5022edf643,2021-09-18 01:28:05
hash,ff2b50f371eb26f22eb8a2118e9ab0e015081500,2021-09-18 01:28:05
hash,febc4f30786db7804008dc9bc1cebdc26993e240,2021-09-18 01:28:05
hash,ee2b504ad502dc3fed62d6483d93d9b1221cdd6c,2021-09-18 01:28:05
hash,cace40965f8600a24a2457f7792efba3bd84d9ba,2021-09-18 01:28:05
hash,b93aa17b19575a6e4962d224c5801fb78e9a7bb5,2021-09-18 01:28:05
hash,a3a31937956f161beba8acac35b96cb74241cd0f,2021-09-18 01:28:05
hash,7e6c8ae454be1fd16aa23ebed32465192c164a6e,2021-09-18 01:28:05
hash,7e3cd36875c0e5ccb076eb74855d627ae8d4627f,2021-09-18 01:28:05
hash,645678c4ed9bbdd641c4ff4dcb1825c262b2d879,2021-09-18 01:28:05
hash,597715224249e9fb77dc733b2e4d507f0cc41af6,2021-09-18 01:28:05
hash,57fa4a1abbf39f4899ea76543ebd3688dcc11e13,2021-09-18 01:28:05
hash,2bdb85953b4bd2efcfea522fc5939feb57aaf4b2,2021-09-18 01:28:05
hash,26e787997a338d8111d96c9a4c103cf8ff0201ce,2021-09-18 01:28:05
hash,14599516381a9646cd978cf962c4f92386371040,2021-09-18 01:28:05
hash,09399b9bd600d4516db37307a457bc55eedcbd17,2021-09-18 01:28:05
hash,f6bf3ed3bcd466e5fd1cbaf6ba658716,2021-09-18 01:28:05
hash,ef4405930e6071ae1f7f6fa7d4f3397d,2021-09-18 01:28:05
hash,c4f8671c1f00dab30f5f88d684af1927,2021-09-18 01:28:05
hash,c3af66b9ce29efe5ee34e87b6e136e3a,2021-09-18 01:28:05
hash,c17e16a54916d3838f63d208ebab9879,2021-09-18 01:28:05
hash,bb8f56874189d5dfe9294f0553a49b83,2021-09-18 01:28:05
hash,b3487fdd1efd2d1ea1550fef5b749037,2021-09-18 01:28:05
hash,b2c7339e87c932c491e34cdcd99feb07,2021-09-18 01:28:05
hash,a6662b8ebca61ca09ce89e1e4f43665d,2021-09-18 01:28:05
hash,9f3f6f46c67d3fad2479963361cf118b,2021-09-18 01:28:05
hash,98dea1bce37bf7087360e1958400589b,2021-09-18 01:28:05
hash,8d87a1845122bf090b3d8656dc9d60a8,2021-09-18 01:28:05
hash,74de13b5ea68b3da24addc009f84baee,2021-09-18 01:28:05
hash,69e7943f3d48233de4a39a924c59ed2c,2021-09-18 01:28:05
hash,60dab5bb319281747c5863b44c5ac60d,2021-09-18 01:28:05
hash,5767b9d851d0c24e13eca1bfd16ea424,2021-09-18 01:28:05
hash,21c278c88d8f6faea64250df3bffd7c6,2021-09-18 01:28:05
hash,2b444ac5209a8b4140dd6b747a996653,2021-09-18 01:28:05
hash,214f7a2c95bdc265888fbcd24e3587da,2021-09-18 01:28:05
hash,20506375665a6a62f7d9dd22d1cc9870,2021-09-18 01:28:05
hash,15d39578460e878dd89e8911180494ff,2021-09-18 01:28:05
hash,11fb08b9126cdb4668b3f5135cf7a6c5,2021-09-18 01:28:05
hash,0a5e9b15014733ee7685d8c8be81fb0d,2021-09-18 01:28:05
hostname,www.forboringbusinesses.com,2021-09-18 01:28:05
hostname,www.dt1blog.com,2021-09-18 01:28:05
hostname,exploit.java.cve-2012-1723.ad,2021-09-18 01:28:05
hostname,zhalehziba.com,2021-09-18 01:28:05
hostname,xlivehost.com,2021-09-18 01:28:05
hostname,wangluoruanjian.com,2021-09-18 01:28:05
hostname,unwashedsound.com,2021-09-18 01:28:05
hostname,unite3tubes.com,2021-09-18 01:28:05
hostname,tropiccritics.com,2021-09-18 01:28:05
hostname,toofanshadid.com,2021-09-18 01:28:05
hostname,timelywebsitehostesses.com,2021-09-18 01:28:05
hostname,thesuperdeliciousnews.com,2021-09-18 01:28:05
hostname,techsupportpwr.com,2021-09-18 01:28:05
hostname,technology-revealed.com,2021-09-18 01:28:05
hostname,technicserv.com,2021-09-18 01:28:05
hostname,technicaldigitalreporting.com,2021-09-18 01:28:05
hostname,technicalconsumerreports.com,2021-09-18 01:28:05
hostname,technicads.com,2021-09-18 01:28:05
hostname,techasiamusicsvr.com,2021-09-18 01:28:05
hostname,teatac4bath.com,2021-09-18 01:28:05
hostname,team4heat.net,2021-09-18 01:28:05
hostname,taking-technology.com,2021-09-18 01:28:05
hostname,suddenplot.com,2021-09-18 01:28:05
hostname,successful-marketing-now.com,2021-09-18 01:28:05
hostname,subad-server.com,2021-09-18 01:28:05
hostname,standardsandpraiserepurpose.com,2021-09-18 01:28:05
hostname,speedynewsclips.com,2021-09-18 01:28:05
hostname,slayinglance.com,2021-09-18 01:28:05
hostname,sherkatkonandeh.com,2021-09-18 01:28:05
hostname,serv-load.com,2021-09-18 01:28:05
hostname,selective-business.com,2021-09-18 01:28:05
hostname,rubriccrumb.com,2021-09-18 01:28:05
hostname,rubiccrum.com,2021-09-18 01:28:05
hostname,rubi4edit.com,2021-09-18 01:28:05
hostname,roshanavar.com,2021-09-18 01:28:05
hostname,rehabretie.com,2021-09-18 01:28:05
hostname,rapidlyserv.com,2021-09-18 01:28:05
hostname,rampagegramar.com,2021-09-18 01:28:05
hostname,quik-serv.com,2021-09-18 01:28:05
hostname,quickupdateserv.com,2021-09-18 01:28:05
hostname,posed2shade.com,2021-09-18 01:28:05
hostname,platads.com,2021-09-18 01:28:05
hostname,phoneysoap.com,2021-09-18 01:28:05
hostname,parskabab.com,2021-09-18 01:28:05
hostname,nowruzbakher.com,2021-09-18 01:28:05
hostname,noticiasftpsrv.com,2021-09-18 01:28:05
hostname,nickleplatedads.com,2021-09-18 01:28:05
hostname,newsterminalvelocity.com,2021-09-18 01:28:05
hostname,newjunk4u.com,2021-09-18 01:28:05
hostname,myhousetechnews.com,2021-09-18 01:28:05
hostname,moretimeads.com,2021-09-18 01:28:05
hostname,monster-ads.net,2021-09-18 01:28:05
hostname,mimicrice.com,2021-09-18 01:28:05
hostname,micraamber.net,2021-09-18 01:28:05
hostname,melding-technology.com,2021-09-18 01:28:05
hostname,meevehdar.com,2021-09-18 01:28:05
hostname,mashinkhabar.com,2021-09-18 01:28:05
hostname,lsassoc.com,2021-09-18 01:28:05
hostname,listennewsnetwork.com,2021-09-18 01:28:05
hostname,itemagic.net,2021-09-18 01:28:05
hostname,islamicmarketing.net,2021-09-18 01:28:05
hostname,industry-deals.com,2021-09-18 01:28:05
hostname,housedman.com,2021-09-18 01:28:05
hostname,honarkhaneh.net,2021-09-18 01:28:05
hostname,honarkhabar.com,2021-09-18 01:28:05
hostname,havakhosh.com,2021-09-18 01:28:05
hostname,goodbizez.com,2021-09-18 01:28:05
hostname,goldadpremium.com,2021-09-18 01:28:05
hostname,globalnetworkanalys.com,2021-09-18 01:28:05
hostname,ghalibaft.com,2021-09-18 01:28:05
hostname,gar-tech.com,2021-09-18 01:28:05
hostname,functional-business.com,2021-09-18 01:28:05
hostname,foroushi.net,2021-09-18 01:28:05
hostname,forgotten-deals.com,2021-09-18 01:28:05
hostname,following-technology.com,2021-09-18 01:28:05
hostname,fnlpic.com,2021-09-18 01:28:05
hostname,fliteilex.com,2021-09-18 01:28:05
hostname,easyadvertonline.com,2021-09-18 01:28:05
hash,be855cd1bfc1e1446a3390c693f29e2a3007c04e,2021-07-01 15:36:52
hash,01b103a1531d23c0f0a431b07fa2bb8b,2021-07-01 15:36:52
hash,07986ecd5f759e85db37302bd0493ea4,2021-07-01 15:36:52
hash,07e9f5f392d379981b7937e8da73512d,2021-07-01 15:36:52
hash,07eb2ff68044f7d3795f3eea7f25b6af,2021-07-01 15:36:52
hash,0cd9d734ab88225b4af96c9edf15bbdf,2021-07-01 15:36:52
hash,0e99addab995e60de5a7eaded0e21c3c,2021-07-01 15:36:52
hash,10b1afc216476e4600cbaa07a265159c,2021-07-01 15:36:52
hash,2e3e26582f8daea2df6600ee7ab653d7,2021-07-01 15:36:52
hash,338f6ff5e687d1eec9b539057d6ab5a7,2021-07-01 15:36:52
hash,36a90b771d5eb1fc06d29377816f643e,2021-07-01 15:36:52
hash,3b37396d0c15670d0b02856b6f3c1cec,2021-07-01 15:36:52
hash,4420f8917dc320a78d2ef14136032f69,2021-07-01 15:36:52
hash,4c42cb692e83bb6fac57054686ba2b88,2021-07-01 15:36:52
hash,586c1290df2294dae8d375e2a7326bba,2021-07-01 15:36:52
hash,66b66dc0eb2437b233a8256b9a02902f,2021-07-01 15:36:52
hash,6f5696c20c4335656a7be7770c9f8c30,2021-07-01 15:36:52
hash,762ed51daa67d2a6a4ea641ec5a5b6f3,2021-07-01 15:36:52
hash,7afcf45907f225e3e3cfeece3bbcd410,2021-07-01 15:36:52
hash,8c80dd97c37525927c1e549cb59bcbf3,2021-07-01 15:36:52
hash,92b81afb69efbe857c74d07e464b4097,2021-07-01 15:36:52
hash,a48b642733b4ed0b2f63c726bea5710f,2021-07-01 15:36:52
hash,aa8413a8ae68bfe11664d3df334e6153,2021-07-01 15:36:52
hash,ab234159a8bc206d06203086944b72c4,2021-07-01 15:36:52
hash,c097fd043d3cbabcada0878505c7afa5,2021-07-01 15:36:52
hash,c24315b0585b852110977dacafe6c8c1,2021-07-01 15:36:52
hash,cd6fd2959b8ec762511f6c36adfb35bb,2021-07-01 15:36:52
hash,d071887d9e9af01d3ee009dffe1be16d,2021-07-01 15:36:52
hash,f63038f93396c1c9fe023e777bdd1b99,2021-07-01 15:36:52
hash,f84a4c44b9ebcd34a443ed2cb663743f,2021-07-01 15:36:52
hash,8d31ee8648ca9c777eced80d409b578b3ab94109ab2bd9b983585dad22c52ef0,2021-07-01 15:36:52
hash,fa5d9fa9f1f67b48e0ef53c0f01d03ec92ba620c3a88dd4b7cd52122364fa148,2021-07-01 15:36:52
hash,04c0fe1b4636ab427121415818fbffc371dacd7872325b18b763e1bc7ec4488a,2021-07-01 15:36:52
hash,b99c3cc1acbb085c9a895a8c3510f6daaf31f0d2d9ccb8477c7fb7119376f57b,2021-07-01 15:36:52
hash,c5a346bd16c246db669605c70a547204313c0fa2325332a3d8427a4449e5b40e,2021-07-01 15:36:52
hash,044d234d96ba4d2c8d6b75dce9f3b778137708ed2fd39edfab8711d3431f8763,2021-07-01 15:36:52
hash,027f3fe24aba5c1c5e14027f840e8bcb9b8f77d38d29e27413d9abe159c3a31f,2021-07-01 15:36:52
hash,6b891a659b3a17c238918533f704c9d47f6e2f958f94a23cace19c6922cb4829,2021-07-01 15:36:52
hash,181ce9db0dea2a3a2e08860620c3015e61995a93729cb07e0b157d0e75c73343,2021-07-01 15:36:52
hash,3f201f2578b5c9ce1a2d0deb31f79409b8da7e4c4c993e047f9c683b27783d25,2021-07-01 15:36:52
hash,1328bd220d9b4baa8a92b8d3f42f0d123762972d1dfc4b1fd4b4728d67b01dfc,2021-07-01 15:36:52
hash,15ffbb8d382cd2ff7b0bd4c87a7c0bffd1541c2fe86865af445123bc0b770d13,2021-07-01 15:36:52
hash,2c139652131b7fd56aa14fccac7886ea0aa2c943,2021-07-01 15:36:52
hash,f344ce6b6c82f62417419a1fbf39428a7ecebaee,2021-07-01 15:36:52
hash,573bfabbb78a4096da99a70e184e304a46fecd02,2021-07-01 15:36:52
hash,06cd886586835b2bf0d25fba4c898b69e362ba6d,2021-07-01 15:36:52
hash,9747e4c11bcf0393e1d1a2ac4b7c43af590da0bc,2021-07-01 15:36:52
hash,140edb4850081d890fa7267efe002129ff2c5067,2021-07-01 15:36:52
hash,6addd9e0231123d4ebd85b884ff444321558ac5d,2021-07-01 15:36:52
hash,aec5bfe87cf052ca8dd4c909e5a35ff670c08edb,2021-07-01 15:36:52
hash,9d6f2b7db9b2ee86206fc209824bd4fc23f594cd,2021-07-01 15:36:52
hash,7d3e80fd056e5ff2ed522220af3980f80572ad4f,2021-07-01 15:36:52
hash,966a60028a3a24268c049ffadbe1a07b83de24ce,2021-07-01 15:36:52
hash,a48ad33695a44de887bba8f2f3174fd8fb01a46a19e3ec9078b0118647ccf599,2021-07-01 08:40:44
hostname,melding-technology.com,2021-05-16 00:52:14
hostname,slayinglance.com,2021-05-16 00:52:14
hostname,sherkatkonandeh.com,2021-05-16 00:52:14
hostname,serv-load.com,2021-05-16 00:52:14
hostname,selective-business.com,2021-05-16 00:52:14
hostname,rubriccrumb.com,2021-05-16 00:52:14
hostname,rubiccrum.com,2021-05-16 00:52:14
hostname,rubi4edit.com,2021-05-16 00:52:14
hostname,roshanavar.com,2021-05-16 00:52:14
hostname,rehabretie.com,2021-05-16 00:52:14
hostname,rapidlyserv.com,2021-05-16 00:52:14
hostname,rampagegramar.com,2021-05-16 00:52:14
hostname,quik-serv.com,2021-05-16 00:52:14
hostname,quickupdateserv.com,2021-05-16 00:52:14
hostname,posed2shade.com,2021-05-16 00:52:14
hostname,platads.com,2021-05-16 00:52:14
hostname,phoneysoap.com,2021-05-16 00:52:14
hostname,parskabab.com,2021-05-16 00:52:14
hostname,nowruzbakher.com,2021-05-16 00:52:14
hostname,noticiasftpsrv.com,2021-05-16 00:52:14
hostname,nickleplatedads.com,2021-05-16 00:52:14
hostname,newsterminalvelocity.com,2021-05-16 00:52:14
hostname,newjunk4u.com,2021-05-16 00:52:14
hostname,myhousetechnews.com,2021-05-16 00:52:14
hostname,monster-ads.net,2021-05-16 00:52:14
hostname,mimicrice.com,2021-05-16 00:52:14
hostname,micraamber.net,2021-05-16 00:52:14
hostname,meevehdar.com,2021-05-16 00:52:14
hostname,mashinkhabar.com,2021-05-16 00:52:14
hostname,lsassoc.com,2021-05-16 00:52:14
hostname,listennewsnetwork.com,2021-05-16 00:52:14
hostname,itemagic.net,2021-05-16 00:52:14
hostname,islamicmarketing.net,2021-05-16 00:52:14
hostname,industry-deals.com,2021-05-16 00:52:14
hostname,housedman.com,2021-05-16 00:52:14
hostname,honarkhaneh.net,2021-05-16 00:52:14
hostname,honarkhabar.com,2021-05-16 00:52:14
hostname,havakhosh.com,2021-05-16 00:52:14
hostname,goodbizez.com,2021-05-16 00:52:14
hostname,goldadpremium.com,2021-05-16 00:52:14
hostname,globalnetworkanalys.com,2021-05-16 00:52:14
hostname,ghalibaft.com,2021-05-16 00:52:14
hostname,gar-tech.com,2021-05-16 00:52:14
hostname,functional-business.com,2021-05-16 00:52:14
hostname,foroushi.net,2021-05-16 00:52:14
hostname,forgotten-deals.com,2021-05-16 00:52:14
hostname,following-technology.com,2021-05-16 00:52:14
hostname,fnlpic.com,2021-05-16 00:52:14
hostname,fliteilex.com,2021-05-16 00:52:14
hostname,easyadvertonline.com,2021-05-16 00:52:14
hostname,dpremium.com,2021-05-16 00:52:14
hostname,downloadmpplayer.com,2021-05-16 00:52:14
hostname,dowelsobject.com,2021-05-16 00:52:14
hostname,darakht.com,2021-05-16 00:52:14
hostname,damavandkuh.com,2021-05-16 00:52:14
hostname,customerscreensavers.com,2021-05-16 00:52:14
hostname,crisptic01.net,2021-05-16 00:52:14
hostname,cribdare2no.com,2021-05-16 00:52:14
hostname,computertechanalysis.com,2021-05-16 00:52:14
hostname,coffeehausblog.com,2021-05-16 00:52:14
hostname,cigape.net,2021-05-16 00:52:14
hostname,charmedno1.com,2021-05-16 00:52:14
hostname,charging-technology.com,2021-05-16 00:52:14
hostname,businessedgeadvance.com,2021-05-16 00:52:14
hostname,businessdirectnessource.com,2021-05-16 00:52:14
hostname,businessdealsblog.com,2021-05-16 00:52:14
hostname,business-made-fun.com,2021-05-16 00:52:14
hostname,brittlefilet.com,2021-05-16 00:52:14
hostname,bazandegan.com,2021-05-16 00:52:14
hostname,aynachatsrv.com,2021-05-16 00:52:14
hostname,avidnewssource.com,2021-05-16 00:52:14
hostname,arm2pie.com,2021-05-16 00:52:14
hostname,arabtechmessenger.net,2021-05-16 00:52:14
hostname,amazinggreentechshop.com,2021-05-16 00:52:14
hostname,afkarehroshan.com,2021-05-16 00:52:14
hostname,advancing-technology.com,2021-05-16 00:52:14
hostname,adservicestats.com,2021-05-16 00:52:14
hostname,adsbizsimple.com,2021-05-16 00:52:14
hostname,ad-void.com,2021-05-16 00:52:14
hostname,ad-servicestats.net,2021-05-16 00:52:14
hostname,ad-noise.net,2021-05-16 00:52:14
hostname,247adbiz.net,2021-05-16 00:52:14
ip,89.18.177.3,2021-05-16 00:52:14
ip,87.255.38.2,2021-05-16 00:52:14
ip,85.112.1.83,2021-05-16 00:52:14
ip,84.233.205.99,2021-05-16 00:52:14
ip,64.76.82.52,2021-05-16 00:52:14
ip,64.38.3.50,2021-05-16 00:52:14
ip,62.216.152.67,2021-05-16 00:52:14
ip,41.222.35.70,2021-05-16 00:52:14
ip,212.61.54.239,2021-05-16 00:52:14
ip,210.81.52.120,2021-05-16 00:52:14
ip,203.150.231.73,2021-05-16 00:52:14
ip,203.150.231.49,2021-05-16 00:52:14
ip,202.95.84.33,2021-05-16 00:52:14
ip,195.81.34.67,2021-05-16 00:52:14
ip,190.60.202.4,2021-05-16 00:52:14
ip,190.242.96.212,2021-05-16 00:52:14
ip,149.12.71.2,2021-05-16 00:52:14
hash,58d15d1581f32f36542f3e9fb4b1fc84d2a6ba35,2021-05-16 00:52:14
hash,5e1f56c1e57fbff96d4999db1fd6dd0f7d8221df,2021-05-16 00:52:14
hash,2bd1b1f5b4384ce802d5d32d8c8fd3d1dc04b962,2021-05-16 00:52:14
hash,ff2b50f371eb26f22eb8a2118e9ab0e015081500,2021-05-16 00:52:14
hash,017198643efbcca0df6d2c681f9ec3465060b929,2021-05-16 00:52:14
hash,b2b2cd9ca6f5864ef2ac6382b7b6374a9fb2cbe9,2021-05-16 00:52:14
hash,4ce6e77a11b443cc7cbe439b71bf39a39d3d7fa3,2021-05-16 00:52:14
hash,61fab1b8451275c7fd580895d9c68e152ff46417,2021-05-16 00:52:14
hash,d09b4b6d3244ac382049736ca98d7de0c6787fa2,2021-05-16 00:52:14
hash,50b8f125ed33233a545a1aac3c9d4bb6aa34b48f,2021-05-16 00:52:14
hash,1f0ae54ac3f10d533013f74f48849de4e65817a7,2021-05-16 00:52:14
hash,e9537a36a035b08121539fd5d5dcda9fb6336423,2021-05-16 00:52:14
hash,930d7ed2bdce9b513ebecd3a38041b709f5c2990,2021-05-16 00:52:14
hash,5b1efb3dbf50e0460bc3d2ea74ed2bebf768f4f7,2021-05-16 00:52:14
hash,3ef06b6fac44a2a3cbf4b8a557495f36c72c4aa6,2021-05-16 00:52:14
hash,06cf1af1d018cf4b0b3e6cfffca3fbb8c4cd362e,2021-05-16 00:52:14
hash,0044c9bfeaac9a51e77b921e3295dcd91ce3956a,2021-05-16 00:52:14
hash,df4bbd02dcd8b8b9e1374c6f71f2e2da8518d39337b35983874266e8fff055e1,2021-05-16 00:52:14
hash,9412a66bc81f51a1fa916ac47c77e02ac1a7c9dff543233ed70aa265ef6a1e76,2021-05-16 00:52:14
hash,868eb363f32beacd8bcdc7a114e020d4cfe67913a15275f4e7493d87db643ff2,2021-05-16 00:52:14
hash,83d14ce2dcfc852791d20cd78066ba5a2b39eb503e12e33f2ef0b1a46c68de73,2021-05-16 00:52:14
hash,866f94f30d9865995494a0f7228329c26149eef2960500b2177c736c5c846035,2021-05-16 00:52:14
hash,112d70111fef5e5e072b17e0d5d9312a0826cb85304a17bb51330d9800936c4a,2021-05-16 00:52:14
hash,24b7e7553b1aa241997e28775d3952c4cb885056c4606cbed9b450320b601255,2021-05-16 00:52:14
hash,1b0eb1a1591140175d1ac111a98c89472b196599baf13ef67ee7f63d0052b00e,2021-05-16 00:52:14
hash,1e55abb94951cedc548fd8d67bd1b50476808f1d0ae72f9842181761ff92f83f,2021-05-16 00:52:14
hash,441f2a6775621af8c5d1ead7082e9573ad878bc90675ed55f86abfc8a9e8cc6f,2021-05-16 00:52:14
hash,003315b0aea2fcb9f77d29223dd8947d0e6792b3a0227e054be8eb2a11f443d9,2021-05-16 00:52:14
hash,e6d290a03b70cfa5d4451da444bdea39,2021-05-16 00:52:14
hash,ba39212c5b58b97bfc9f5bc431170827,2021-05-16 00:52:14
hash,9b1ca66aab784dc5f1dfe635d8f8a904,2021-05-16 00:52:14
hash,9180d5affe1e5df0717d7385e7f54386,2021-05-16 00:52:14
hash,84b8026b3f5e6dcfb29e82e0b0b0f386,2021-05-16 00:52:14
hash,752af597e6d9fd70396accc0b9013dbe,2021-05-16 00:52:14
hash,6fe6c03b938580ebf9b82f3b9cd4c4aa,2021-05-16 00:52:14
hash,4556ce5eb007af1de5bd3b457f0b216d,2021-05-16 00:52:14
hash,2a12630ff976ba0994143ca93fecd17f,2021-05-16 00:52:14
hash,24a6ec8ebf9c0867ed1c097f4a653b8d,2021-05-16 00:52:14
hash,11fb08b9126cdb4668b3f5135cf7a6c5,2021-05-16 00:52:14
hash,0a209ac0de4ac033f31d6ba9191a8f7a,2021-05-16 00:52:14
hash,03718676311de33dd0b8f4f18cffd488,2021-05-16 00:52:14
hostname,moretimeads.com,2021-05-16 00:52:14
hash,a2a9e948fb829685d0a9161cac845fd0dfa943d023a6b2faab205fa8664b7c26,2021-05-16 00:52:14
cve,CVE-2013-3894,2021-05-16 00:52:14
cve,CVE-2012-4681,2021-05-16 00:52:14
cve,CVE-2012-1723,2021-05-16 00:52:14
cve,CVE-2012-0159,2021-05-16 00:52:14
cve,CVE-2013-3918,2021-05-16 00:52:14
cve,CVE-2010-2568,2021-05-16 00:52:14
hostname,www.forboringbusinesses.com,2021-05-16 00:52:14
hostname,www.dt1blog.com,2021-05-16 00:52:14
hostname,exploit.java.cve-2012-1723.ad,2021-05-16 00:52:14
hostname,zhalehziba.com,2021-05-16 00:52:14
hostname,xlivehost.com,2021-05-16 00:52:14
hostname,wangluoruanjian.com,2021-05-16 00:52:14
hostname,unwashedsound.com,2021-05-16 00:52:14
hostname,unite3tubes.com,2021-05-16 00:52:14
hostname,tropiccritics.com,2021-05-16 00:52:14
hostname,toofanshadid.com,2021-05-16 00:52:14
hostname,timelywebsitehostesses.com,2021-05-16 00:52:14
hostname,thesuperdeliciousnews.com,2021-05-16 00:52:14
hostname,techsupportpwr.com,2021-05-16 00:52:14
hostname,technology-revealed.com,2021-05-16 00:52:14
hostname,technicserv.com,2021-05-16 00:52:14
hostname,technicaldigitalreporting.com,2021-05-16 00:52:14
hostname,technicalconsumerreports.com,2021-05-16 00:52:14
hostname,technicads.com,2021-05-16 00:52:14
hostname,techasiamusicsvr.com,2021-05-16 00:52:14
hostname,teatac4bath.com,2021-05-16 00:52:14
hostname,team4heat.net,2021-05-16 00:52:14
hostname,taking-technology.com,2021-05-16 00:52:14
hostname,suddenplot.com,2021-05-16 00:52:14
hostname,successful-marketing-now.com,2021-05-16 00:52:14
hostname,subad-server.com,2021-05-16 00:52:14
hostname,standardsandpraiserepurpose.com,2021-05-16 00:52:14
hostname,speedynewsclips.com,2021-05-16 00:52:14
hash,cbe23daa9d2f8e1f5d59c8336dd5b7d7ba1d5cf3f0d45e66107668e80b073ac3,2021-05-12 11:58:37
hash,0d2d0d8f4989679f7c26b5531096b8b2,2021-05-12 11:58:37
hash,58f784c7a292103251930360f9ca713e,2021-05-12 11:58:37
cve,CVE-2019-0703,2021-05-12 11:58:37
cve,CVE-2014-1776,2021-05-12 11:58:37
cve,CVE-2010-3962,2021-05-12 11:58:37
cve,CVE-2017-0143,2021-05-12 11:58:37
hash,ec6cf407e4f791abb04a2bafde0980a2ba1fd2a8,2021-05-12 11:58:37
hash,312f62f4b6a6251a8b6501d665da3069ce21a3b6,2021-05-12 11:58:37
hash,1eae93e82521bbb26fa46c819b6b7bf75ae333f3,2021-05-12 11:58:37
hash,2a01d103b2bb66cba2cdb201f09933fee2055db3,2021-05-12 11:58:37
hash,951f079031c996c85240831ea1b61507f91990282daae6da2841311322e8a6d7,2021-05-12 11:58:37
hash,6458806a5071a7c4fefae084791e8c67,2021-05-12 11:58:37
hash,7020bcb347404654e17f6303848b7ec4,2021-05-12 11:58:37
hash,a3932533efc04ac3fe89fb5b3d60128a,2021-05-12 11:58:37
hash,a469d48e25e524cf0dec64f01c182b25,2021-05-12 11:58:37
hash,aacfef51a4a242f52fbb838c1d063d9b,2021-05-12 11:58:37
hash,c2f902f398783922a921df7d46590295,2021-05-12 11:58:37
hash,01f53953db8ba580ee606043a482f790082460c8cdbd7ff151d84e03fdc87e42,2021-05-12 11:58:37
hash,1c9f1c7056864b5fdd491d5daa49f920c3388cb8a8e462b2bc34181cef6c1f9c,2021-05-12 11:58:37
hash,3dbe8700ecd27b3dc39643b95b187ccfd44318fc88c5e6ee6acf3a07cdaf377e,2021-05-12 11:58:37
hash,53145f374299e673d82d108b133341dc7bee642530b560118e3cbcdb981ee92c,2021-05-12 11:58:37
hash,6b1f8b303956c04e24448b1eec8634bd3fb2784c8a2d12ecf8588424b36d3cbc,2021-05-12 11:58:37
hash,7bfad342ce88de19d090a4cb2ce332022650abd68f34e83fdc694f10a4090d65,2021-05-12 11:58:37
hash,7a8de34f298e9325df1c52e336a3098c0869ee5e,2021-02-25 06:18:01
hash,e4fbf75abf928cd1c9073656a61755fd3f0c25dc2e7922fb5073e1f64e5e9161,2021-02-25 06:18:01
hash,c99ffacba6d6689f7934e6e912e36efcc4bd6a09c8a4d1e43bb27c3afd131882,2021-02-25 06:18:01
hash,ae512f13136774b4aab79ebcc378927143be77181e3b256e6f9940ce73696de4,2021-02-25 06:18:01
hash,868eb363f32beacd8bcdc7a114e020d4cfe67913a15275f4e7493d87db643ff2,2021-02-25 06:18:01
hash,68a3710765da1886f00e40f2d5e02776d224c77aea114cd22c3a6204a7fad363,2021-02-25 06:18:01
hash,634a80e37e4b32706ad1ea4a2ff414473618a8c42a369880db7cc127c0eb705e,2021-02-25 06:18:01
hash,f1ea3b3a994477c11bafb5addf841263,2021-02-25 06:18:01
hash,292fe1fc7d350cc7b970da0f308d22089cd36ab552e5659e3cfb0d9690166628,2021-02-25 06:18:01
hash,279320ee5c3b2da4364afbacbe5286ec4eed9ab5e887d4e0b9aab2eb618bc539,2021-02-25 06:18:01
hash,1537cad1d2c5154e142af775ed555d6168d528bbe40b31f451efa92c9e4f02de,2021-02-25 06:18:01
hash,fa6aefec743e793f1ed4d07ffef7b37f,2021-02-25 06:18:01
hash,7620405d2bd4b10ef6ff18f0da958dc3,2021-02-25 06:18:01
hash,6fe6c03b938580ebf9b82f3b9cd4c4aa,2021-02-25 06:18:01
hash,f5bd428ab949244a7d04cf7cdddd5858,2021-02-25 06:18:01
hash,58bfa2eb639850ebfeced55cac3e82fb,2021-02-25 06:18:01
hash,bbb9507dff849f1054d1111bf2189d02,2021-02-25 06:18:01
cve,CVE-2013-3128,2021-02-25 06:18:01
cve,CVE-2017-0005,2021-02-25 06:18:01
cve,CVE-2011-3402,2021-02-25 06:18:01
cve,CVE-2019-0803,2021-02-25 06:18:01
cve,CVE-2013-3894,2021-02-25 06:18:01
hash,4f7c111acc85a5e324d62151957520979bfc2fea,2021-02-25 06:18:01
hash,ce4975b1e3853a162dcd855d96a4c52e319f767f,2021-02-25 06:18:01
hash,2bd1b1f5b4384ce802d5d32d8c8fd3d1dc04b962,2021-02-25 06:18:01
hash,d059710c9b4da72daf0fb47ec6bbb1802f37584d,2021-02-25 06:18:01
hash,20a239e01b1c0d85995fdce338979bf2e03dd830,2021-02-25 06:18:01
hash,7caed22d8306a4be91cf59b11d414e5e126bab3a,2021-02-25 06:18:01
cve,CVE-2011-3402,2021-02-23 18:41:48
hash,4f7c111acc85a5e324d62151957520979bfc2fea,2021-02-23 18:41:48
hash,ce4975b1e3853a162dcd855d96a4c52e319f767f,2021-02-23 18:41:48
hash,2bd1b1f5b4384ce802d5d32d8c8fd3d1dc04b962,2021-02-23 18:41:48
hash,d059710c9b4da72daf0fb47ec6bbb1802f37584d,2021-02-23 18:41:48
hash,20a239e01b1c0d85995fdce338979bf2e03dd830,2021-02-23 18:41:48
hash,7a8de34f298e9325df1c52e336a3098c0869ee5e,2021-02-23 18:41:48
hash,e4fbf75abf928cd1c9073656a61755fd3f0c25dc2e7922fb5073e1f64e5e9161,2021-02-23 18:41:48
hash,c99ffacba6d6689f7934e6e912e36efcc4bd6a09c8a4d1e43bb27c3afd131882,2021-02-23 18:41:48
hash,ae512f13136774b4aab79ebcc378927143be77181e3b256e6f9940ce73696de4,2021-02-23 18:41:48
hash,868eb363f32beacd8bcdc7a114e020d4cfe67913a15275f4e7493d87db643ff2,2021-02-23 18:41:48
hash,68a3710765da1886f00e40f2d5e02776d224c77aea114cd22c3a6204a7fad363,2021-02-23 18:41:48
hash,634a80e37e4b32706ad1ea4a2ff414473618a8c42a369880db7cc127c0eb705e,2021-02-23 18:41:48
hash,279320ee5c3b2da4364afbacbe5286ec4eed9ab5e887d4e0b9aab2eb618bc539,2021-02-23 18:41:48
hash,1537cad1d2c5154e142af775ed555d6168d528bbe40b31f451efa92c9e4f02de,2021-02-23 18:41:48
hash,fa6aefec743e793f1ed4d07ffef7b37f,2021-02-23 18:41:48
hash,7620405d2bd4b10ef6ff18f0da958dc3,2021-02-23 18:41:48
hash,6fe6c03b938580ebf9b82f3b9cd4c4aa,2021-02-23 18:41:48
hash,f5bd428ab949244a7d04cf7cdddd5858,2021-02-23 18:41:48
hash,58bfa2eb639850ebfeced55cac3e82fb,2021-02-23 18:41:48
hash,f1ea3b3a994477c11bafb5addf841263,2021-02-23 18:41:48
cve,CVE-2019-0803,2021-02-23 18:41:48
cve,CVE-2013-3894,2021-02-23 18:41:48
cve,CVE-2017-0005,2021-02-23 18:41:48
cve,CVE-2013-3128,2021-02-23 18:41:48
hash,634a80e37e4b32706ad1ea4a2ff414473618a8c42a369880db7cc127c0eb705e,2021-02-22 18:56:34
hash,292fe1fc7d350cc7b970da0f308d22089cd36ab552e5659e3cfb0d9690166628,2021-02-22 18:56:34
hash,279320ee5c3b2da4364afbacbe5286ec4eed9ab5e887d4e0b9aab2eb618bc539,2021-02-22 18:56:34
hash,1537cad1d2c5154e142af775ed555d6168d528bbe40b31f451efa92c9e4f02de,2021-02-22 18:56:34
hash,fa6aefec743e793f1ed4d07ffef7b37f,2021-02-22 18:56:34
hash,7620405d2bd4b10ef6ff18f0da958dc3,2021-02-22 18:56:34
hash,6fe6c03b938580ebf9b82f3b9cd4c4aa,2021-02-22 18:56:34
hash,f5bd428ab949244a7d04cf7cdddd5858,2021-02-22 18:56:34
hash,58bfa2eb639850ebfeced55cac3e82fb,2021-02-22 18:56:34
hash,bbb9507dff849f1054d1111bf2189d02,2021-02-22 18:56:34
hash,f1ea3b3a994477c11bafb5addf841263,2021-02-22 18:56:34
cve,CVE-2011-3402,2021-02-22 18:56:34
cve,CVE-2013-3128,2021-02-22 18:56:34
cve,CVE-2013-3894,2021-02-22 18:56:34
cve,CVE-2017-0005,2021-02-22 18:56:34
cve,CVE-2019-0803,2021-02-22 18:56:34
hash,4f7c111acc85a5e324d62151957520979bfc2fea,2021-02-22 18:56:34
hash,ce4975b1e3853a162dcd855d96a4c52e319f767f,2021-02-22 18:56:34
hash,2bd1b1f5b4384ce802d5d32d8c8fd3d1dc04b962,2021-02-22 18:56:34
hash,d059710c9b4da72daf0fb47ec6bbb1802f37584d,2021-02-22 18:56:34
hash,20a239e01b1c0d85995fdce338979bf2e03dd830,2021-02-22 18:56:34
hash,7caed22d8306a4be91cf59b11d414e5e126bab3a,2021-02-22 18:56:34
hash,7a8de34f298e9325df1c52e336a3098c0869ee5e,2021-02-22 18:56:34
hash,e4fbf75abf928cd1c9073656a61755fd3f0c25dc2e7922fb5073e1f64e5e9161,2021-02-22 18:56:34
hash,c99ffacba6d6689f7934e6e912e36efcc4bd6a09c8a4d1e43bb27c3afd131882,2021-02-22 18:56:34
hash,ae512f13136774b4aab79ebcc378927143be77181e3b256e6f9940ce73696de4,2021-02-22 18:56:34
hash,868eb363f32beacd8bcdc7a114e020d4cfe67913a15275f4e7493d87db643ff2,2021-02-22 18:56:34
hash,68a3710765da1886f00e40f2d5e02776d224c77aea114cd22c3a6204a7fad363,2021-02-22 18:56:34
hash,279320ee5c3b2da4364afbacbe5286ec4eed9ab5e887d4e0b9aab2eb618bc539,2021-02-22 16:51:47
hash,fa6aefec743e793f1ed4d07ffef7b37f,2021-02-22 16:51:47
hash,7620405d2bd4b10ef6ff18f0da958dc3,2021-02-22 16:51:47
hash,6fe6c03b938580ebf9b82f3b9cd4c4aa,2021-02-22 16:51:47
hash,f5bd428ab949244a7d04cf7cdddd5858,2021-02-22 16:51:47
hash,58bfa2eb639850ebfeced55cac3e82fb,2021-02-22 16:51:47
hash,f1ea3b3a994477c11bafb5addf841263,2021-02-22 16:51:47
cve,CVE-2019-0803,2021-02-22 16:51:47
cve,CVE-2013-3894,2021-02-22 16:51:47
cve,CVE-2011-3402,2021-02-22 16:51:47
cve,CVE-2017-0005,2021-02-22 16:51:47
hash,20a239e01b1c0d85995fdce338979bf2e03dd830,2021-02-22 16:51:47
hash,7a8de34f298e9325df1c52e336a3098c0869ee5e,2021-02-22 16:51:47
hash,e4fbf75abf928cd1c9073656a61755fd3f0c25dc2e7922fb5073e1f64e5e9161,2021-02-22 16:51:47
hash,c99ffacba6d6689f7934e6e912e36efcc4bd6a09c8a4d1e43bb27c3afd131882,2021-02-22 16:51:47
hash,ae512f13136774b4aab79ebcc378927143be77181e3b256e6f9940ce73696de4,2021-02-22 16:51:47
hash,868eb363f32beacd8bcdc7a114e020d4cfe67913a15275f4e7493d87db643ff2,2021-02-22 16:51:47
hash,68a3710765da1886f00e40f2d5e02776d224c77aea114cd22c3a6204a7fad363,2021-02-22 16:51:47
hash,634a80e37e4b32706ad1ea4a2ff414473618a8c42a369880db7cc127c0eb705e,2021-02-22 16:51:47
hash,1537cad1d2c5154e142af775ed555d6168d528bbe40b31f451efa92c9e4f02de,2021-02-22 16:51:47
cve,CVE-2013-3128,2021-02-22 16:51:47
hash,4f7c111acc85a5e324d62151957520979bfc2fea,2021-02-22 16:51:47
hash,ce4975b1e3853a162dcd855d96a4c52e319f767f,2021-02-22 16:51:47
hash,2bd1b1f5b4384ce802d5d32d8c8fd3d1dc04b962,2021-02-22 16:51:47
hash,d059710c9b4da72daf0fb47ec6bbb1802f37584d,2021-02-22 16:51:47
hash,cf80767a5f46c20729b19332fda45e05,2021-02-08 18:32:59
hash,369145c6f366f25a4e8878ad1ffec73d680cdc2da4380b221d1d7cdf3a90c930,2021-02-08 18:32:59
hash,cd3ee807e349abae65d93e421176f302528b739e9e1d77a6ce4e57caeec91b4e,2021-02-08 18:32:59
hash,d83428779b0c0ebfa08c6b50f34e0f1ae7812eeb9ed78b86610517d8208b6cb3,2021-02-08 18:32:59
hash,d8bab0b79bafec3a41db0dd4ae1703c2ab55de5af261e1881d62bde0d9033690,2021-02-08 18:32:59
hash,df4bc387181ffaabe0be39e66ef5eb838ed638e0ae2b82e9a7daa83647e38bb1,2021-02-08 18:32:59
hash,88ec5d8da2ea964056fad2c7b46e3d80a793dbd4,2021-02-08 18:32:59
hash,0d375ab713a7be51923a8e4ae552c41ea28fb4b8,2021-02-08 18:32:59
hash,6c34031d7a5fc2b091b623981a8ae61c,2021-02-08 18:32:59
